customer_id,name,age,email,salary,join_date,status,purchase_count
2,charlie,38,customer1@email.com,52133.22375345279,2020-01-02,active,5
3,Bob,23,customer2@email.com,60574.89645869635,2020-01-03,inactive,5
4,charlie,23,customer3@email.com,85569.03725214598,2020-01-04,,12
5,charlie,72,customer4@email.com,63821.981360398066,2020-01-05,active,8
6,Jane,65,customer5@email.com,60928.73096312297,2020-01-06,pending,6
7,Bob,21,customer6@email.com,32802.877180401614,2020-01-07,pending,2
8,Bob,47,customer7@email.com,74925.07132054442,2020-01-08,inactive,8
9,Bob,28,customer8@email.com,72909.68362282151,2020-01-09,,7
10,charlie,79,customer9@email.com,103265.0944661092,2020-01-10,inactive,6
12,Bob,47,customer11@email.com,64383.00655327878,2020-01-12,active,3
13,DAVE,48,customer12@email.com,64987.673674215104,2020-01-13,active,5
14,charlie,41,customer13@email.com,91549.0655952695,2020-01-14,active,3
15,Jane,72,customer14@email.com,58094.089352260955,2020-01-15,active,3
16,Alice,26,customer15@email.com,65580.43051540678,2020-01-16,pending,7
17,DAVE,72,customer16@email.com,72157.93019433078,2020-01-17,pending,4
20,Alice,48,customer19@email.com,63881.79985796615,2020-01-20,active,6
22,John,54,customer21@email.com,39469.694011778796,2020-01-22,,4
23,Alice,53,customer22@email.com,62659.39348293752,2020-01-23,,6
24,Jane,41,customer23@email.com,45997.583701216536,2020-01-24,inactive,6
25,DAVE,48,customer24@email.com,83900.93257849685,2020-01-25,,6
27,Alice,19,customer26@email.com,48821.563054568236,2020-01-27,active,3
28,John,37,customer27@email.com,67544.23750129042,2020-01-28,active,5
29,John,45,customer28@email.com,91310.48058468681,2020-01-29,active,2
30,Bob,28,customer29@email.com,58684.99477854025,2020-01-30,active,5
32,Jane,32,customer31@email.com,97623.14138881181,2020-02-01,active,3
33,Alice,23,customer32@email.com,31039.72199167512,2020-02-02,inactive,5
34,Alice,71,customer33@email.com,16023.88086759836,2020-02-03,active,11
35,DAVE,66,customer34@email.com,68800.28900106665,2020-02-04,pending,7
36,DAVE,47,customer35@email.com,49958.91551294777,2020-02-05,pending,7
37,DAVE,73,customer36@email.com,39575.34365738573,2020-02-06,pending,4
38,Bob,55,customer37@email.com,74167.12894598706,2020-02-07,pending,1
39,Alice,68,customer38@email.com,648760.1427542397,2020-02-08,inactive,4
40,Alice,79,customer39@email.com,48718.42738526543,2020-02-09,inactive,5
42,Bob,19,customer41@email.com,77449.14656560289,2020-02-11,active,4
43,charlie,32,customer42@email.com,73004.02355917322,2020-02-12,pending,7
44,Bob,28,customer43@email.com,58016.482724412344,2020-02-13,inactive,6
45,charlie,25,customer44@email.com,96932.73992095332,2020-02-14,active,8
46,John,43,customer45@email.com,38598.304673476945,2020-02-15,active,4
47,Jane,68,customer46@email.com,29489.496581505224,2020-02-16,inactive,3
48,Alice,200.0,customer47@email.com,46161.83860237511,2020-02-17,pending,0
49,John,61,customer48@email.com,59088.27967289004,2020-02-18,,4
50,Alice,22,customer49@email.com,64866.78898645384,2020-02-19,active,1
52,Jane,43,customer51@email.com,67041.10793028594,2020-02-21,pending,3
53,Jane,71,customer52@email.com,34969.21151619112,2020-02-22,pending,5
54,John,21,customer53@email.com,888752.9208146519,2020-02-23,,6
55,Jane,36,customer54@email.com,58356.97643214862,2020-02-24,pending,6
56,charlie,37,customer55@email.com,82345.91663176255,2020-02-25,active,4
57,Jane,50,customer56@email.com,668545.0692755409,2020-02-26,,4
58,Alice,37,customer57@email.com,69135.06438307567,2020-02-27,pending,5
59,Alice,66,customer58@email.com,71395.34560464408,2020-02-28,,1
60,Alice,29,customer59@email.com,68954.1712003463,2020-02-29,active,9
62,charlie,18,customer61@email.com,86583.05060264863,2020-03-02,active,5
63,Bob,43,customer62@email.com,63930.4233940294,2020-03-03,pending,4
66,Alice,55,customer65@email.com,88802.34430898946,2020-03-06,,1
67,Jane,54,customer66@email.com,46472.153958814604,2020-03-07,pending,3
68,Alice,79,customer67@email.com,96018.80865821632,2020-03-08,active,7
69,Jane,28,customer68@email.com,59196.84098711313,2020-03-09,active,6
72,DAVE,30,customer71@email.com,46378.96685050239,2020-03-12,inactive,5
73,Jane,60,customer72@email.com,76812.87097977448,2020-03-13,,6
74,Alice,20,customer73@email.com,46947.52041395218,2020-03-14,inactive,6
77,Jane,67,customer76@email.com,50953.87361501846,2020-03-17,inactive,3
78,Jane,73,customer77@email.com,11522.413467420869,2020-03-18,pending,3
79,Alice,27,customer78@email.com,28321.943530285535,2020-03-19,active,9
80,Jane,22,customer79@email.com,75208.29312288595,2020-03-20,pending,7
82,DAVE,27,customer81@email.com,68509.15123569929,2020-03-22,,2
83,Alice,61,customer82@email.com,40660.47713741574,2020-03-23,,4
84,DAVE,19,customer83@email.com,59045.7728771604,2020-03-24,active,6
85,DAVE,30,customer84@email.com,59927.94921818863,2020-03-25,active,9
86,Alice,57,customer85@email.com,36832.70621614915,2020-03-26,active,11
87,John,19,customer86@email.com,90067.96603534301,2020-03-27,,4
88,DAVE,37,customer87@email.com,775472.4581151342,2020-03-28,inactive,7
89,charlie,18,customer88@email.com,55580.71652340672,2020-03-29,pending,7
92,charlie,26,customer91@email.com,19165.30263151419,2020-04-01,pending,5
93,Jane,34,customer92@email.com,55056.452349588064,2020-04-02,active,2
94,John,26,customer93@email.com,46360.31504004403,2020-04-03,inactive,9
95,Alice,28,customer94@email.com,39967.599802101686,2020-04-04,pending,6
97,Alice,41,customer96@email.com,95953.73053699045,2020-04-06,active,6
99,John,72,customer98@email.com,48576.42020434406,2020-04-08,,2
100,charlie,52,customer99@email.com,714516.5562712317,2020-04-09,inactive,8
102,John,48,customer101@email.com,78492.67365825537,2020-04-11,inactive,5
103,John,66,customer102@email.com,61192.60739840348,2020-04-12,pending,4
104,John,22,customer103@email.com,47061.26444588852,2020-04-13,pending,3
105,John,79,customer104@email.com,73964.46627227179,2020-04-14,,4
106,Alice,77,customer105@email.com,67869.70770843499,2020-04-15,active,3
107,Bob,61,customer106@email.com,77903.86440055465,2020-04-16,active,11
108,Bob,67,customer107@email.com,72703.43603363939,2020-04-17,,6
109,John,31,customer108@email.com,80991.05430638671,2020-04-18,,5
110,Bob,70,customer109@email.com,49295.29576878864,2020-04-19,active,5
112,John,28,customer111@email.com,63951.99209384799,2020-04-21,inactive,3
113,Bob,26,customer112@email.com,101505.21745250531,2020-04-22,,6
114,charlie,51,customer113@email.com,46216.243638208645,2020-04-23,inactive,4
115,Jane,29,customer114@email.com,94719.27606330498,2020-04-24,active,5
116,Jane,52,customer115@email.com,63958.21566925295,2020-04-25,pending,3
117,John,52,customer116@email.com,46971.63992771103,2020-04-26,pending,7
118,Alice,18,customer117@email.com,50322.28331891357,2020-04-27,inactive,3
119,John,57,customer118@email.com,53593.0538361136,2020-04-28,,6
124,charlie,46,customer123@email.com,102845.40717223728,2020-05-03,inactive,2
125,Bob,25,customer124@email.com,94550.86340201422,2020-05-04,pending,2
126,Alice,28,customer125@email.com,68726.47339348064,2020-05-05,pending,5
127,DAVE,58,customer126@email.com,60760.069563364006,2020-05-06,inactive,5
128,Bob,54,customer127@email.com,62400.62653436523,2020-05-07,,3
129,Bob,31,customer128@email.com,72270.35945460833,2020-05-08,inactive,5
132,charlie,52,customer131@email.com,26628.318522448208,2020-05-11,inactive,6
133,DAVE,38,customer132@email.com,67984.46245210558,2020-05-12,,5
134,Bob,54,customer133@email.com,72943.91879405481,2020-05-13,pending,3
136,charlie,36,customer135@email.com,91479.73526580066,2020-05-15,pending,10
137,Jane,76,customer136@email.com,35484.68673995318,2020-05-16,pending,1
138,DAVE,31,customer137@email.com,30712.502395803596,2020-05-17,,8
139,Bob,200.0,customer138@email.com,64489.03637119944,2020-05-18,active,3
140,John,79,customer139@email.com,809419.6605224309,2020-05-19,pending,5
142,Jane,42,customer141@email.com,50822.3147426212,2020-05-21,active,11
143,Alice,62,customer142@email.com,81573.61666862591,2020-05-22,pending,3
144,charlie,59,customer143@email.com,59229.83060998585,2020-05-23,active,4
145,Bob,42,customer144@email.com,56547.45400118361,2020-05-24,inactive,3
146,John,35,customer145@email.com,77673.19874973345,2020-05-25,pending,3
147,Alice,57,customer146@email.com,73046.4575682684,2020-05-26,inactive,8
148,charlie,25,customer147@email.com,28472.15686031501,2020-05-27,,1
149,Alice,56,customer148@email.com,89530.80699451792,2020-05-28,pending,5
150,DAVE,57,customer149@email.com,87601.82708294904,2020-05-29,pending,7
152,charlie,49,customer151@email.com,67916.07066874819,2020-05-31,pending,7
154,charlie,78,customer153@email.com,65213.47531647814,2020-06-02,pending,7
156,charlie,50,customer155@email.com,46567.53264123897,2020-06-04,pending,7
157,Bob,40,customer156@email.com,59488.91858017109,2020-06-05,,5
159,DAVE,32,customer158@email.com,70872.00309188865,2020-06-07,active,5
160,Alice,50,customer159@email.com,52587.71335827788,2020-06-08,,11
162,Jane,34,customer161@email.com,3029.147587398489,2020-06-10,active,6
163,charlie,50,customer162@email.com,82975.31400744207,2020-06-11,active,3
164,DAVE,64,customer163@email.com,25205.724424438005,2020-06-12,active,0
166,charlie,19,customer165@email.com,37606.60210747713,2020-06-14,active,5
167,DAVE,31,customer166@email.com,34106.37048558188,2020-06-15,,5
168,Alice,70,customer167@email.com,83216.5357475704,2020-06-16,,3
169,Alice,57,customer168@email.com,50645.97597376217,2020-06-17,pending,4
170,Alice,57,customer169@email.com,66930.07763461431,2020-06-18,pending,2
172,Alice,56,customer171@email.com,69540.81654446243,2020-06-20,pending,7
173,DAVE,68,customer172@email.com,61536.43782120511,2020-06-21,pending,3
174,DAVE,23,customer173@email.com,34340.15551622861,2020-06-22,active,1
175,Bob,23,customer174@email.com,79925.3363889428,2020-06-23,active,3
176,Jane,20,customer175@email.com,50124.868336773754,2020-06-24,pending,7
177,Alice,24,customer176@email.com,28868.362026804978,2020-06-25,inactive,5
178,John,68,customer177@email.com,51437.69678068175,2020-06-26,active,5
179,DAVE,25,customer178@email.com,90015.19581268622,2020-06-27,pending,4
180,John,59,customer179@email.com,77004.43484226985,2020-06-28,pending,5
182,John,69,customer181@email.com,53014.84591363143,2020-06-30,inactive,3
183,Bob,32,customer182@email.com,53567.298975652346,2020-07-01,,3
185,John,46,customer184@email.com,67638.70904463106,2020-07-03,active,6
186,Alice,50,customer185@email.com,68600.8329438214,2020-07-04,inactive,4
187,charlie,69,customer186@email.com,80605.66908063684,2020-07-05,pending,9
188,John,47,customer187@email.com,64775.78318053027,2020-07-06,pending,6
189,Bob,56,customer188@email.com,54819.15708358594,2020-07-07,inactive,5
190,DAVE,44,customer189@email.com,56073.003018300435,2020-07-08,inactive,5
192,John,46,customer191@email.com,59255.55526980317,2020-07-10,,10
193,DAVE,55,customer192@email.com,74552.5908727396,2020-07-11,inactive,6
194,charlie,74,customer193@email.com,61038.91771614599,2020-07-12,active,2
195,John,50,customer194@email.com,74652.80154431159,2020-07-13,,4
196,Bob,78,customer195@email.com,58385.668397828355,2020-07-14,,3
197,Jane,54,customer196@email.com,61572.70380632181,2020-07-15,inactive,2
198,Alice,44,customer197@email.com,20035.986309357846,2020-07-16,active,5
199,Bob,72,customer198@email.com,78326.55349404963,2020-07-17,,6
200,DAVE,50,customer199@email.com,66929.76951795985,2020-07-18,pending,5
202,Alice,21,customer201@email.com,2074.892436126218,2020-07-20,inactive,5
204,DAVE,19,customer203@email.com,57208.207436896526,2020-07-22,inactive,4
205,John,27,customer204@email.com,82163.65633475033,2020-07-23,pending,4
206,Jane,22,customer205@email.com,39201.881457489384,2020-07-24,pending,3
207,Alice,76,customer206@email.com,72255.4781012514,2020-07-25,pending,6
208,Alice,27,customer207@email.com,38931.68873652688,2020-07-26,inactive,4
209,DAVE,50,customer208@email.com,47524.6207860839,2020-07-27,,2
210,Jane,71,customer209@email.com,98280.62707733572,2020-07-28,inactive,9
212,John,30,customer211@email.com,64348.657463594456,2020-07-30,,9
213,charlie,48,customer212@email.com,77401.35461377508,2020-07-31,pending,5
214,John,64,customer213@email.com,69913.63775945209,2020-08-01,inactive,5
215,John,53,customer214@email.com,63008.37810287153,2020-08-02,pending,1
217,John,41,customer216@email.com,108068.31170476551,2020-08-04,active,8
218,Jane,69,customer217@email.com,58847.62405932829,2020-08-05,,6
219,Jane,73,customer218@email.com,64021.98093429935,2020-08-06,active,2
220,Alice,32,customer219@email.com,81013.08792015223,2020-08-07,active,5
222,charlie,25,customer221@email.com,83740.6061112076,2020-08-09,pending,4
224,John,46,customer223@email.com,37139.90174539033,2020-08-11,active,5
226,DAVE,21,customer225@email.com,37073.09213962624,2020-08-13,,5
227,Jane,29,customer226@email.com,66052.70930478067,2020-08-14,active,4
228,charlie,62,customer227@email.com,44914.48299961284,2020-08-15,,7
229,Alice,19,customer228@email.com,58717.23306814015,2020-08-16,,5
230,Jane,44,customer229@email.com,66575.2482060696,2020-08-17,active,7
232,Alice,68,customer231@email.com,68438.41508470569,2020-08-19,active,4
233,Bob,68,customer232@email.com,92274.22538117295,2020-08-20,,8
234,Bob,53,customer233@email.com,69070.6860302796,2020-08-21,pending,4
236,DAVE,43,customer235@email.com,79281.74336576715,2020-08-23,pending,5
237,charlie,60,customer236@email.com,83789.40977849282,2020-08-24,,10
239,Jane,22,customer238@email.com,71948.00139699716,2020-08-26,active,4
240,DAVE,37,customer239@email.com,74023.45484621797,2020-08-27,inactive,3
242,Bob,79,customer241@email.com,87514.13626623238,2020-08-29,inactive,5
243,John,27,customer242@email.com,56998.88825934946,2020-08-30,,2
244,John,57,customer243@email.com,62511.52906943084,2020-08-31,,6
245,Alice,55,customer244@email.com,56538.56351432261,2020-09-01,inactive,2
246,Bob,23,customer245@email.com,603115.8095162935,2020-09-02,pending,5
247,DAVE,25,customer246@email.com,38074.49826209596,2020-09-03,inactive,2
248,charlie,40,customer247@email.com,31198.982348114114,2020-09-04,pending,6
249,Bob,64,customer248@email.com,91890.10126449945,2020-09-05,pending,3
250,Alice,43,customer249@email.com,43060.77303363344,2020-09-06,,5
252,Bob,60,customer251@email.com,16932.197727925704,2020-09-08,inactive,6
253,Alice,29,customer252@email.com,472207.6504620996,2020-09-09,,6
254,Bob,43,customer253@email.com,33538.204131850034,2020-09-10,active,7
255,Jane,30,customer254@email.com,92840.30320272737,2020-09-11,active,6
256,Bob,200.0,customer255@email.com,80196.34178685269,2020-09-12,,6
257,Bob,79,customer256@email.com,46236.99309644553,2020-09-13,inactive,4
258,Alice,35,customer257@email.com,105048.71610688618,2020-09-14,active,4
259,Alice,42,customer258@email.com,79635.3097398319,2020-09-15,active,7
260,John,50,customer259@email.com,53503.37232982755,2020-09-16,pending,5
262,Jane,57,customer261@email.com,105818.85145181484,2020-09-18,inactive,8
263,John,77,customer262@email.com,32208.550664728078,2020-09-19,,4
264,Bob,60,customer263@email.com,27092.025060862165,2020-09-20,inactive,2
265,Alice,29,customer264@email.com,80451.4086401928,2020-09-21,,3
266,John,61,customer265@email.com,108795.04812678546,2020-09-22,active,4
267,John,53,customer266@email.com,87685.45637021036,2020-09-23,pending,6
268,Jane,65,customer267@email.com,71278.18240104719,2020-09-24,inactive,9
269,DAVE,21,customer268@email.com,71895.08683330572,2020-09-25,inactive,3
270,Jane,22,customer269@email.com,77068.31117560616,2020-09-26,,5
272,Alice,54,customer271@email.com,65623.82847938752,2020-09-28,inactive,2
273,Jane,25,customer272@email.com,62084.022079037524,2020-09-29,,4
275,Alice,59,customer274@email.com,44920.70822266648,2020-10-01,inactive,4
276,Alice,66,customer275@email.com,54386.49846266452,2020-10-02,inactive,5
277,John,45,customer276@email.com,261408.63716092287,2020-10-03,active,8
278,Jane,48,customer277@email.com,58033.207464105,2020-10-04,,8
279,John,75,customer278@email.com,40228.17785698165,2020-10-05,pending,5
280,DAVE,26,customer279@email.com,37928.21365568458,2020-10-06,pending,3
282,charlie,68,customer281@email.com,87840.04572689199,2020-10-08,inactive,2
283,charlie,46,customer282@email.com,78366.33212004625,2020-10-09,pending,8
284,Bob,31,customer283@email.com,28589.98792753646,2020-10-10,pending,7
285,John,57,customer284@email.com,40207.43726859325,2020-10-11,,6
287,Bob,39,customer286@email.com,40350.252129233806,2020-10-13,inactive,3
288,Bob,28,customer287@email.com,55507.33700005951,2020-10-14,,6
289,Bob,40,customer288@email.com,71001.04198049103,2020-10-15,inactive,7
290,Alice,18,customer289@email.com,40633.11090272729,2020-10-16,pending,7
292,John,54,customer291@email.com,33319.49010163591,2020-10-18,inactive,5
293,Alice,38,customer292@email.com,47972.64712097573,2020-10-19,active,1
294,Bob,43,customer293@email.com,66395.63868285074,2020-10-20,pending,7
296,Alice,53,customer295@email.com,68809.49475920798,2020-10-22,pending,7
297,DAVE,71,customer296@email.com,59607.24402146637,2020-10-23,active,5
298,Alice,40,customer297@email.com,71049.79908834296,2020-10-24,active,5
299,DAVE,74,customer298@email.com,64478.28268129323,2020-10-25,active,3
300,Bob,18,customer299@email.com,87282.80859947688,2020-10-26,inactive,5
302,John,71,customer301@email.com,51411.889177494944,2020-10-28,active,4
303,Bob,72,customer302@email.com,62445.95006064568,2020-10-29,active,3
304,John,68,customer303@email.com,70865.96058072775,2020-10-30,pending,3
305,charlie,57,customer304@email.com,60977.20140651408,2020-10-31,active,5
306,Jane,32,customer305@email.com,60811.83382407765,2020-11-01,pending,10
307,DAVE,38,customer306@email.com,45960.16624386489,2020-11-02,active,2
308,Jane,64,customer307@email.com,46741.98164898103,2020-11-03,active,5
309,Jane,26,customer308@email.com,31947.89456400613,2020-11-04,inactive,3
312,charlie,27,customer311@email.com,46141.896044081856,2020-11-07,pending,3
313,John,69,customer312@email.com,45631.85468861605,2020-11-08,pending,4
314,Alice,74,customer313@email.com,77898.48753888882,2020-11-09,,4
315,John,70,customer314@email.com,54101.00643415944,2020-11-10,inactive,5
316,Alice,43,customer315@email.com,84954.84145347468,2020-11-11,inactive,8
317,John,58,customer316@email.com,46530.18751512263,2020-11-12,inactive,5
318,DAVE,52,customer317@email.com,65579.88324447603,2020-11-13,,6
320,Alice,69,customer319@email.com,102902.98255546777,2020-11-15,inactive,4
323,John,28,customer322@email.com,72675.53761864197,2020-11-18,,7
325,Bob,19,customer324@email.com,56294.246822445835,2020-11-20,inactive,2
326,Bob,24,customer325@email.com,57403.586005331475,2020-11-21,inactive,6
327,DAVE,35,customer326@email.com,60876.229439582195,2020-11-22,,4
328,DAVE,44,customer327@email.com,57059.95996743023,2020-11-23,inactive,2
329,DAVE,51,customer328@email.com,79277.58233589819,2020-11-24,,4
330,DAVE,44,customer329@email.com,104210.46003182702,2020-11-25,active,2
333,charlie,60,customer332@email.com,58234.359032974906,2020-11-28,inactive,7
334,Bob,76,customer333@email.com,111594.18675308637,2020-11-29,inactive,5
335,DAVE,61,customer334@email.com,43926.50864060538,2020-11-30,pending,5
336,Bob,76,customer335@email.com,92782.33610888134,2020-12-01,,7
338,Jane,71,customer337@email.com,48928.23516584011,2020-12-03,pending,7
339,charlie,41,customer338@email.com,71379.66158370551,2020-12-04,pending,6
342,Alice,69,customer341@email.com,55928.392797952765,2020-12-07,,2
343,John,23,customer342@email.com,48366.38172102712,2020-12-08,pending,3
344,charlie,70,customer343@email.com,39704.86538614266,2020-12-09,pending,9
345,Alice,41,customer344@email.com,47014.449098679856,2020-12-10,inactive,3
346,charlie,50,customer345@email.com,35521.19466475487,2020-12-11,inactive,8
347,Bob,66,customer346@email.com,60681.66936518452,2020-12-12,inactive,5
348,Alice,46,customer347@email.com,44600.53537882716,2020-12-13,,4
350,John,200.0,customer349@email.com,28882.087075927455,2020-12-15,pending,2
352,Alice,43,customer351@email.com,76670.5792321785,2020-12-17,active,10
353,Alice,45,customer352@email.com,20125.28714857089,2020-12-18,,5
354,DAVE,200.0,customer353@email.com,67481.13139695144,2020-12-19,active,4
355,charlie,38,customer354@email.com,84553.37984946584,2020-12-20,pending,7
356,DAVE,66,customer355@email.com,35807.17962617589,2020-12-21,active,3
357,charlie,24,customer356@email.com,93451.44773675407,2020-12-22,pending,6
358,DAVE,200.0,customer357@email.com,68380.3801873209,2020-12-23,active,3
359,Bob,37,customer358@email.com,45899.76288483183,2020-12-24,inactive,3
360,Alice,58,customer359@email.com,58884.61844684588,2020-12-25,active,4
362,charlie,37,customer361@email.com,61520.10782824823,2020-12-27,inactive,2
363,charlie,71,customer362@email.com,70775.11984892738,2020-12-28,,4
365,DAVE,45,customer364@email.com,63387.21648072156,2020-12-30,inactive,8
367,Bob,78,customer366@email.com,57775.47877302599,2021-01-01,pending,7
368,Alice,57,customer367@email.com,41921.847170704204,2021-01-02,,2
369,John,66,customer368@email.com,45289.40114820467,2021-01-03,inactive,6
370,Alice,24,customer369@email.com,84721.86350420874,2021-01-04,,8
372,charlie,49,customer371@email.com,72182.76241814354,2021-01-06,inactive,4
373,John,30,customer372@email.com,38153.744706548416,2021-01-07,active,4
375,Jane,40,customer374@email.com,84261.95399958367,2021-01-09,active,1
376,John,68,customer375@email.com,62834.33827279809,2021-01-10,,6
377,Jane,76,customer376@email.com,106386.59079963388,2021-01-11,active,8
379,Jane,36,customer378@email.com,63840.98232980063,2021-01-13,pending,7
380,Bob,79,customer379@email.com,53817.67071594997,2021-01-14,active,6
382,Jane,47,customer381@email.com,56950.603272389126,2021-01-16,pending,4
383,DAVE,46,customer382@email.com,74162.17353377181,2021-01-17,pending,3
384,Jane,66,customer383@email.com,79134.04633589167,2021-01-18,active,6
385,Bob,62,customer384@email.com,44280.21078984101,2021-01-19,pending,3
388,Jane,33,customer387@email.com,70159.82653825087,2021-01-22,,6
389,John,57,customer388@email.com,37932.66787652252,2021-01-23,,6
390,John,36,customer389@email.com,16942.18814095034,2021-01-24,inactive,4
392,Bob,18,customer391@email.com,109859.99034865582,2021-01-26,pending,5
393,DAVE,31,customer392@email.com,59878.58176920213,2021-01-27,active,3
394,charlie,68,customer393@email.com,76769.81548903283,2021-01-28,pending,2
395,Jane,64,customer394@email.com,61636.5871709513,2021-01-29,active,3
396,Jane,67,customer395@email.com,58022.20693617715,2021-01-30,inactive,2
397,Bob,19,customer396@email.com,78381.52965975537,2021-01-31,,8
398,Jane,71,customer397@email.com,54194.509116226975,2021-02-01,,7
399,John,45,customer398@email.com,65347.84628143806,2021-02-02,,4
400,charlie,66,customer399@email.com,66433.95612392027,2021-02-03,pending,3
402,Jane,47,customer401@email.com,79840.84699073045,2021-02-05,active,6
403,John,55,customer402@email.com,56500.80486609183,2021-02-06,inactive,5
404,Alice,68,customer403@email.com,44885.096810143106,2021-02-07,pending,1
407,John,18,customer406@email.com,60563.62314738257,2021-02-10,active,4
408,DAVE,25,customer407@email.com,59817.62006711593,2021-02-11,,7
409,DAVE,46,customer408@email.com,81717.91131663157,2021-02-12,pending,3
410,Alice,72,customer409@email.com,69493.96465759905,2021-02-13,active,7
412,Alice,20,customer411@email.com,76355.32598400574,2021-02-15,pending,6
413,Jane,49,customer412@email.com,87804.15098034627,2021-02-16,inactive,8
414,Jane,27,customer413@email.com,71156.20612703725,2021-02-17,pending,2
415,DAVE,27,customer414@email.com,60207.05239686761,2021-02-18,pending,4
416,Bob,36,customer415@email.com,33763.27535299681,2021-02-19,active,9
417,John,200.0,customer416@email.com,38697.72673849255,2021-02-20,active,4
418,Jane,51,customer417@email.com,53895.50591290665,2021-02-21,pending,4
419,DAVE,77,customer418@email.com,47809.75595681433,2021-02-22,active,3
420,charlie,50,customer419@email.com,56260.57394029108,2021-02-23,active,4
422,Jane,72,customer421@email.com,70593.85508713461,2021-02-25,,6
423,Jane,45,customer422@email.com,58590.024438818175,2021-02-26,,7
424,DAVE,49,customer423@email.com,69730.03287652404,2021-02-27,pending,3
425,John,67,customer424@email.com,61289.488296202406,2021-02-28,active,6
426,Alice,24,customer425@email.com,20490.668672922577,2021-03-01,,8
427,Jane,46,customer426@email.com,41213.29212362491,2021-03-02,pending,7
428,DAVE,25,customer427@email.com,57118.24888556769,2021-03-03,active,3
429,DAVE,18,customer428@email.com,35806.10514317785,2021-03-04,inactive,4
430,Bob,74,customer429@email.com,71998.57459992409,2021-03-05,active,6
432,charlie,20,customer431@email.com,84375.23703394634,2021-03-07,,3
433,John,41,customer432@email.com,55731.14258139584,2021-03-08,pending,4
434,charlie,200.0,customer433@email.com,89814.52273699903,2021-03-09,pending,3
435,Alice,76,customer434@email.com,62973.34914404223,2021-03-10,,8
437,Alice,78,customer436@email.com,47731.9467291812,2021-03-12,inactive,3
438,charlie,25,customer437@email.com,53950.60627023743,2021-03-13,active,7
439,Alice,71,customer438@email.com,52236.46362917543,2021-03-14,active,5
440,DAVE,74,customer439@email.com,63408.32444750975,2021-03-15,inactive,9
442,Alice,54,customer441@email.com,60060.92040306829,2021-03-17,pending,4
443,DAVE,20,customer442@email.com,68738.763394927,2021-03-18,,5
444,Bob,68,customer443@email.com,83812.92549572683,2021-03-19,,7
445,Alice,50,customer444@email.com,78991.08270882648,2021-03-20,active,3
446,charlie,45,customer445@email.com,30302.040631001928,2021-03-21,pending,6
447,Jane,64,customer446@email.com,8921.577301960904,2021-03-22,pending,7
448,Alice,25,customer447@email.com,78686.39822478547,2021-03-23,,4
449,Jane,51,customer448@email.com,32662.42603169158,2021-03-24,inactive,4
450,DAVE,52,customer449@email.com,55504.69196214633,2021-03-25,,4
452,John,41,customer451@email.com,23960.391248399603,2021-03-27,pending,4
453,Bob,31,customer452@email.com,708292.5456409575,2021-03-28,,2
454,Alice,49,customer453@email.com,75183.10320605294,2021-03-29,active,7
455,Jane,73,customer454@email.com,48469.791985465614,2021-03-30,,6
456,Jane,63,customer455@email.com,8179.154157101802,2021-03-31,pending,7
457,charlie,60,customer456@email.com,49075.11103495034,2021-04-01,active,5
458,Jane,33,customer457@email.com,67836.08010805093,2021-04-02,active,4
459,charlie,21,customer458@email.com,30421.768624517426,2021-04-03,inactive,5
460,DAVE,69,customer459@email.com,63667.19839558311,2021-04-04,active,4
462,Alice,71,customer461@email.com,71585.82999202177,2021-04-06,,5
463,charlie,38,customer462@email.com,62391.60736828307,2021-04-07,pending,6
464,John,31,customer463@email.com,40538.621182368894,2021-04-08,inactive,5
465,Jane,48,customer464@email.com,83931.43003328983,2021-04-09,,2
466,Jane,72,customer465@email.com,56829.4085394606,2021-04-10,active,4
468,Jane,35,customer467@email.com,41334.64081853608,2021-04-12,inactive,6
469,DAVE,24,customer468@email.com,51134.354976169794,2021-04-13,pending,11
472,charlie,50,customer471@email.com,94234.16960284687,2021-04-16,inactive,5
473,charlie,40,customer472@email.com,32561.977141372874,2021-04-17,active,3
474,John,38,customer473@email.com,27728.772042465178,2021-04-18,,5
475,charlie,36,customer474@email.com,89423.40654987218,2021-04-19,active,1
476,charlie,65,customer475@email.com,55813.526456962674,2021-04-20,pending,8
478,charlie,36,customer477@email.com,80798.09374792152,2021-04-22,active,4
479,Bob,53,customer478@email.com,47887.689205262715,2021-04-23,inactive,7
480,Alice,46,customer479@email.com,96520.19427093872,2021-04-24,active,1
482,Bob,35,customer481@email.com,50241.77183708595,2021-04-26,,3
483,charlie,19,customer482@email.com,103146.16426531007,2021-04-27,pending,9
484,DAVE,18,customer483@email.com,47885.70153993323,2021-04-28,,4
485,John,64,customer484@email.com,74841.90744018614,2021-04-29,inactive,2
487,DAVE,37,customer486@email.com,86034.82578797596,2021-05-01,,6
489,charlie,59,customer488@email.com,60640.08298131533,2021-05-03,,1
492,DAVE,20,customer491@email.com,46445.692604957876,2021-05-06,,6
493,DAVE,40,customer492@email.com,100267.74495053246,2021-05-07,,8
494,Alice,72,customer493@email.com,62730.70662165475,2021-05-08,inactive,7
495,charlie,29,customer494@email.com,52693.56897375783,2021-05-09,inactive,5
496,Alice,37,customer495@email.com,63693.60611729817,2021-05-10,active,6
497,Jane,22,customer496@email.com,33057.47420940607,2021-05-11,,6
498,Jane,54,customer497@email.com,40567.71922978697,2021-05-12,active,7
499,charlie,55,customer498@email.com,84008.27815888851,2021-05-13,,6
502,DAVE,26,customer501@email.com,70733.05505054572,2021-05-16,active,1
503,DAVE,51,customer502@email.com,83714.08309325993,2021-05-17,active,5
504,charlie,70,customer503@email.com,74379.06621330134,2021-05-18,active,3
505,Jane,61,customer504@email.com,79920.95371611633,2021-05-19,inactive,9
506,Jane,52,customer505@email.com,44864.09822861078,2021-05-20,inactive,8
507,DAVE,69,customer506@email.com,31563.786665163127,2021-05-21,inactive,4
508,charlie,75,customer507@email.com,90026.67303910974,2021-05-22,active,2
510,Jane,61,customer509@email.com,54983.339670899055,2021-05-24,pending,2
512,Jane,34,customer511@email.com,71124.6001880132,2021-05-26,inactive,4
514,Bob,47,customer513@email.com,103300.04689802168,2021-05-28,active,8
515,Jane,73,customer514@email.com,47129.63539239714,2021-05-29,active,6
516,John,76,customer515@email.com,78556.80256162475,2021-05-30,inactive,3
518,charlie,40,customer517@email.com,65371.845577265136,2021-06-01,inactive,6
520,Jane,49,customer519@email.com,70156.71512579247,2021-06-03,active,8
522,Alice,67,customer521@email.com,81450.14674619604,2021-06-05,inactive,5
523,Bob,68,customer522@email.com,52700.945409142296,2021-06-06,inactive,4
524,Alice,34,customer523@email.com,43215.80665321987,2021-06-07,pending,2
525,Alice,31,customer524@email.com,39103.81611957933,2021-06-08,active,6
526,Jane,26,customer525@email.com,20672.868212479967,2021-06-09,pending,5
527,Bob,57,customer526@email.com,101124.14259880644,2021-06-10,pending,6
528,Alice,19,customer527@email.com,37935.83268556633,2021-06-11,inactive,7
529,John,62,customer528@email.com,55574.92752828456,2021-06-12,active,3
530,John,42,customer529@email.com,54463.73400222159,2021-06-13,,9
533,Bob,71,customer532@email.com,77209.46976719491,2021-06-16,,6
534,charlie,39,customer533@email.com,48338.45122862123,2021-06-17,active,4
535,Alice,60,customer534@email.com,56657.56572427177,2021-06-18,pending,6
536,Bob,63,customer535@email.com,65651.599009766,2021-06-19,active,4
537,John,21,customer536@email.com,55026.17747632906,2021-06-20,,5
538,John,43,customer537@email.com,92146.91152039985,2021-06-21,inactive,2
539,Jane,75,customer538@email.com,69819.49903276503,2021-06-22,,5
540,Bob,46,customer539@email.com,74697.55572099634,2021-06-23,inactive,4
542,charlie,51,customer541@email.com,83469.4771497065,2021-06-25,active,5
543,charlie,40,customer542@email.com,63620.43117407414,2021-06-26,,3
544,Alice,54,customer543@email.com,34063.36104088307,2021-06-27,pending,3
545,DAVE,28,customer544@email.com,67993.75903505283,2021-06-28,,4
546,Jane,23,customer545@email.com,46972.86212416342,2021-06-29,,8
547,charlie,35,customer546@email.com,49427.666365004865,2021-06-30,pending,5
549,Jane,38,customer548@email.com,84765.66142867271,2021-07-02,,4
552,Jane,58,customer551@email.com,94044.29889270476,2021-07-05,,7
553,charlie,200.0,customer552@email.com,648150.6358977137,2021-07-06,pending,8
554,Jane,51,customer553@email.com,112033.6622836079,2021-07-07,inactive,7
555,Jane,34,customer554@email.com,71310.19291263088,2021-07-08,active,3
556,Jane,54,customer555@email.com,24784.74481688365,2021-07-09,inactive,6
558,Jane,55,customer557@email.com,67623.16769765556,2021-07-11,pending,4
559,Bob,75,customer558@email.com,85795.05508165491,2021-07-12,inactive,6
560,John,29,customer559@email.com,73463.62702539917,2021-07-13,active,9
562,Jane,70,customer561@email.com,35514.035274212685,2021-07-15,active,4
563,charlie,59,customer562@email.com,55819.534854279496,2021-07-16,inactive,6
564,Jane,39,customer563@email.com,42989.590915814,2021-07-17,pending,7
565,charlie,38,customer564@email.com,48389.53100390555,2021-07-18,,4
566,Bob,44,customer565@email.com,71771.5680884122,2021-07-19,,3
567,charlie,74,customer566@email.com,93398.09008702813,2021-07-20,active,4
568,Alice,48,customer567@email.com,67893.43059645963,2021-07-21,active,5
569,John,23,customer568@email.com,36082.33875929631,2021-07-22,active,3
570,charlie,44,customer569@email.com,68892.05336440282,2021-07-23,pending,5
572,John,51,customer571@email.com,47804.341913612356,2021-07-25,pending,5
573,Alice,29,customer572@email.com,57319.65666654165,2021-07-26,,5
574,Jane,62,customer573@email.com,60293.76389458394,2021-07-27,active,5
575,charlie,74,customer574@email.com,44302.033738355196,2021-07-28,inactive,6
576,John,70,customer575@email.com,72965.60867687718,2021-07-29,,6
577,Bob,24,customer576@email.com,57581.037027844366,2021-07-30,,6
578,John,27,customer577@email.com,68390.64887814055,2021-07-31,,5
579,Bob,62,customer578@email.com,42250.156443957996,2021-08-01,pending,7
580,Alice,34,customer579@email.com,51250.83399353179,2021-08-02,active,3
582,John,38,customer581@email.com,52543.33695816466,2021-08-04,active,7
583,DAVE,45,customer582@email.com,94539.2770246681,2021-08-05,pending,2
584,charlie,79,customer583@email.com,52007.27628770795,2021-08-06,,8
585,Alice,75,customer584@email.com,64493.69451503772,2021-08-07,pending,4
586,John,63,customer585@email.com,78651.8166374618,2021-08-08,pending,2
588,John,19,customer587@email.com,24783.823760384483,2021-08-10,,5
589,Bob,77,customer588@email.com,29486.873708598105,2021-08-11,pending,4
590,John,71,customer589@email.com,85251.68206854364,2021-08-12,,6
592,John,18,customer591@email.com,111163.98571336505,2021-08-14,pending,4
593,John,68,customer592@email.com,48715.04802685223,2021-08-15,active,3
594,DAVE,70,customer593@email.com,63691.02606394074,2021-08-16,,6
595,Alice,53,customer594@email.com,90842.19905135751,2021-08-17,,4
596,John,68,customer595@email.com,100121.85776318246,2021-08-18,active,2
597,DAVE,43,customer596@email.com,101230.07153272795,2021-08-19,inactive,3
598,charlie,46,customer597@email.com,84167.32461186284,2021-08-20,pending,1
599,Bob,38,customer598@email.com,80481.25051622925,2021-08-21,,9
600,Bob,28,customer599@email.com,71850.53898402366,2021-08-22,,5
602,Alice,28,customer601@email.com,48976.28567342933,2021-08-24,active,4
604,charlie,53,customer603@email.com,59932.51085178096,2021-08-26,active,4
605,John,66,customer604@email.com,56596.307549501435,2021-08-27,inactive,6
606,Bob,76,customer605@email.com,50935.439013454496,2021-08-28,inactive,4
607,Alice,56,customer606@email.com,73927.7489491343,2021-08-29,,2
608,John,57,customer607@email.com,79106.10417141022,2021-08-30,active,6
609,Alice,52,customer608@email.com,61768.13772583695,2021-08-31,pending,3
610,DAVE,71,customer609@email.com,89550.60162110523,2021-09-01,,6
612,Bob,72,customer611@email.com,56126.81081440564,2021-09-03,,8
613,Jane,64,customer612@email.com,45663.5535879439,2021-09-04,inactive,3
614,charlie,41,customer613@email.com,22669.267658538804,2021-09-05,,6
615,charlie,71,customer614@email.com,58346.386283146014,2021-09-06,inactive,4
616,Bob,39,customer615@email.com,57565.04983233433,2021-09-07,,5
617,Alice,22,customer616@email.com,90268.99486484262,2021-09-08,active,6
618,John,73,customer617@email.com,72616.23369109555,2021-09-09,pending,1
619,Alice,50,customer618@email.com,39516.263513415906,2021-09-10,active,5
620,Bob,75,customer619@email.com,97081.85132668377,2021-09-11,,7
622,Alice,64,customer621@email.com,71641.95406937231,2021-09-13,,6
623,charlie,37,customer622@email.com,554703.1802300336,2021-09-14,inactive,7
624,John,36,customer623@email.com,40811.21526553041,2021-09-15,pending,4
625,charlie,52,customer624@email.com,52555.86447857894,2021-09-16,pending,3
626,charlie,69,customer625@email.com,81774.97239408371,2021-09-17,,8
627,Jane,60,customer626@email.com,97691.72611869218,2021-09-18,,4
628,Jane,34,customer627@email.com,90864.87056544378,2021-09-19,inactive,5
629,DAVE,79,customer628@email.com,50223.01156427452,2021-09-20,active,5
630,Jane,200.0,customer629@email.com,37607.65133421977,2021-09-21,active,3
632,Bob,60,customer631@email.com,24631.21268874297,2021-09-23,inactive,8
633,charlie,51,customer632@email.com,66463.35428369563,2021-09-24,,6
635,Bob,43,customer634@email.com,50679.26996263515,2021-09-26,inactive,5
636,Jane,19,customer635@email.com,28105.938654664093,2021-09-27,active,5
637,Alice,70,customer636@email.com,70272.00213139433,2021-09-28,inactive,5
638,John,26,customer637@email.com,49345.98320676177,2021-09-29,active,3
639,Jane,26,customer638@email.com,36601.66328579424,2021-09-30,inactive,7
640,Jane,57,customer639@email.com,2554.7557343670123,2021-10-01,pending,3
642,John,18,customer641@email.com,95445.03193339487,2021-10-03,pending,6
643,charlie,42,customer642@email.com,93225.1842909574,2021-10-04,pending,6
644,DAVE,78,customer643@email.com,50858.07486827456,2021-10-05,active,4
645,DAVE,60,customer644@email.com,47955.75879276439,2021-10-06,active,5
646,charlie,57,customer645@email.com,69375.48512150047,2021-10-07,,9
647,Jane,59,customer646@email.com,40032.29121623417,2021-10-08,,5
648,John,42,customer647@email.com,66035.83799638932,2021-10-09,,4
649,Jane,56,customer648@email.com,75321.6055676938,2021-10-10,pending,3
650,Bob,52,customer649@email.com,84538.66447768615,2021-10-11,pending,6
652,Jane,67,customer651@email.com,55926.524996460685,2021-10-13,pending,6
653,charlie,54,customer652@email.com,42440.34826486878,2021-10-14,pending,6
654,charlie,61,customer653@email.com,43462.3929192028,2021-10-15,active,6
655,charlie,61,customer654@email.com,55470.422161969465,2021-10-16,active,5
656,DAVE,68,customer655@email.com,67347.31013632356,2021-10-17,pending,3
657,Bob,47,customer656@email.com,78271.69252466499,2021-10-18,,4
658,charlie,55,customer657@email.com,43936.4209863931,2021-10-19,inactive,4
659,John,51,customer658@email.com,89853.77137919044,2021-10-20,,5
660,DAVE,29,customer659@email.com,54577.527979148625,2021-10-21,inactive,4
662,John,54,customer661@email.com,45055.76641704353,2021-10-23,active,5
663,John,61,customer662@email.com,11515.194794541167,2021-10-24,pending,5
664,charlie,76,customer663@email.com,77680.907927221,2021-10-25,pending,5
666,Alice,66,customer665@email.com,54373.44885763573,2021-10-27,inactive,3
667,DAVE,78,customer666@email.com,61339.81434449744,2021-10-28,inactive,2
668,Alice,34,customer667@email.com,70318.78435408199,2021-10-29,inactive,4
669,Bob,27,customer668@email.com,28749.082862269148,2021-10-30,active,4
670,charlie,74,customer669@email.com,49418.9464530741,2021-10-31,inactive,6
672,DAVE,66,customer671@email.com,34914.21153661501,2021-11-02,,5
673,Bob,64,customer672@email.com,65871.15864333259,2021-11-03,,5
674,Jane,29,customer673@email.com,32868.3639075319,2021-11-04,active,5
675,Jane,79,customer674@email.com,69328.59964867053,2021-11-05,pending,5
676,Bob,33,customer675@email.com,59287.17035405033,2021-11-06,,3
677,DAVE,41,customer676@email.com,27697.363681889812,2021-11-07,inactive,10
678,Bob,36,customer677@email.com,83294.78708914343,2021-11-08,active,5
679,charlie,25,customer678@email.com,45308.168464039016,2021-11-09,inactive,4
680,charlie,48,customer679@email.com,43794.95125971238,2021-11-10,inactive,4
682,Alice,34,customer681@email.com,82972.7469885743,2021-11-12,inactive,3
684,Jane,54,customer683@email.com,61233.59699695943,2021-11-14,,2
685,Alice,71,customer684@email.com,68576.33000661146,2021-11-15,active,4
686,Alice,33,customer685@email.com,73862.11214526289,2021-11-16,inactive,4
687,charlie,23,customer686@email.com,63528.8311055445,2021-11-17,active,4
688,John,25,customer687@email.com,52659.44321833355,2021-11-18,inactive,8
689,John,42,customer688@email.com,43448.195587025606,2021-11-19,active,5
690,Bob,35,customer689@email.com,61722.877660927494,2021-11-20,inactive,8
692,Alice,29,customer691@email.com,1572.990330107852,2021-11-22,inactive,7
693,DAVE,32,customer692@email.com,68731.19608315335,2021-11-23,inactive,8
694,John,76,customer693@email.com,78078.6968217239,2021-11-24,inactive,3
695,Alice,43,customer694@email.com,12741.351289163234,2021-11-25,inactive,4
696,John,58,customer695@email.com,39805.385905801246,2021-11-26,inactive,6
697,John,62,customer696@email.com,72383.08522010395,2021-11-27,inactive,4
698,John,43,customer697@email.com,101149.90939423398,2021-11-28,inactive,4
699,DAVE,64,customer698@email.com,60415.87415350816,2021-11-29,active,6
700,charlie,49,customer699@email.com,45439.94117541731,2021-11-30,pending,2
702,Jane,33,customer701@email.com,87497.5283829637,2021-12-02,pending,2
703,Alice,24,customer702@email.com,47080.71641750929,2021-12-03,inactive,8
704,charlie,34,customer703@email.com,44016.15986699493,2021-12-04,inactive,7
705,charlie,40,customer704@email.com,50345.12955635935,2021-12-05,active,2
706,charlie,43,customer705@email.com,40933.42783482575,2021-12-06,,5
707,charlie,38,customer706@email.com,62453.40631989591,2021-12-07,,6
708,DAVE,39,customer707@email.com,92493.56916939121,2021-12-08,active,7
709,charlie,75,customer708@email.com,66461.58546232058,2021-12-09,pending,7
710,Bob,24,customer709@email.com,54952.92995747425,2021-12-10,,7
712,charlie,32,customer711@email.com,28736.18382606686,2021-12-12,active,5
713,Alice,70,customer712@email.com,77662.19554294318,2021-12-13,,5
714,Bob,24,customer713@email.com,58443.25605974396,2021-12-14,pending,8
715,Bob,26,customer714@email.com,56390.401728187484,2021-12-15,active,7
716,Alice,68,customer715@email.com,123862.15135689722,2021-12-16,inactive,4
717,John,65,customer716@email.com,65975.05816731372,2021-12-17,pending,5
718,Jane,25,customer717@email.com,44964.178998096315,2021-12-18,pending,8
719,John,67,customer718@email.com,514728.4807588914,2021-12-19,,5
720,John,76,customer719@email.com,82968.91418393509,2021-12-20,,2
722,John,46,customer721@email.com,31234.440433652668,2021-12-22,active,7
723,charlie,35,customer722@email.com,78384.57869150407,2021-12-23,,3
724,DAVE,48,customer723@email.com,46637.11828922012,2021-12-24,,8
725,DAVE,47,customer724@email.com,97465.95552435091,2021-12-25,pending,1
727,John,56,customer726@email.com,51053.562086824975,2021-12-27,,3
728,Bob,52,customer727@email.com,85620.32723470226,2021-12-28,,5
729,Alice,35,customer728@email.com,61357.11021054807,2021-12-29,,5
732,Alice,56,customer731@email.com,43072.86690018253,2022-01-01,inactive,2
733,Alice,34,customer732@email.com,47129.00335365076,2022-01-02,active,4
734,charlie,31,customer733@email.com,80599.21635162322,2022-01-03,,5
735,Jane,48,customer734@email.com,53304.493357869185,2022-01-04,pending,4
736,Alice,41,customer735@email.com,51927.030735160064,2022-01-05,active,4
737,Alice,52,customer736@email.com,40897.54841301294,2022-01-06,active,5
738,Jane,61,customer737@email.com,68471.98131186923,2022-01-07,inactive,4
739,Jane,77,customer738@email.com,101250.4983848629,2022-01-08,pending,4
740,Alice,62,customer739@email.com,38649.34171491454,2022-01-09,pending,5
742,Alice,20,customer741@email.com,88244.41110830859,2022-01-11,inactive,6
744,charlie,60,customer743@email.com,69047.43592499467,2022-01-13,inactive,8
745,John,57,customer744@email.com,38752.12943706241,2022-01-14,inactive,5
746,Alice,43,customer745@email.com,68566.14194415297,2022-01-15,inactive,2
747,Bob,200.0,customer746@email.com,56257.11469990903,2022-01-16,,4
748,DAVE,40,customer747@email.com,79714.59991359725,2022-01-17,,6
749,John,61,customer748@email.com,83747.72103129502,2022-01-18,pending,3
750,John,56,customer749@email.com,111791.27284037229,2022-01-19,active,3
752,charlie,73,customer751@email.com,66515.92633164334,2022-01-21,active,5
753,Alice,66,customer752@email.com,63887.68603154672,2022-01-22,inactive,6
754,charlie,21,customer753@email.com,52936.67414378624,2022-01-23,active,2
755,Alice,46,customer754@email.com,66769.67686923382,2022-01-24,pending,6
756,charlie,39,customer755@email.com,54091.97179721941,2022-01-25,pending,4
757,charlie,42,customer756@email.com,63369.219525392284,2022-01-26,active,3
758,DAVE,30,customer757@email.com,86351.95071215919,2022-01-27,,4
759,Bob,35,customer758@email.com,39869.14869440718,2022-01-28,inactive,2
760,charlie,50,customer759@email.com,82797.57122258091,2022-01-29,inactive,6
763,Bob,59,customer762@email.com,17562.902019828107,2022-02-01,active,6
764,charlie,61,customer763@email.com,47843.56025811135,2022-02-02,inactive,5
765,John,79,customer764@email.com,85939.89093122218,2022-02-03,,5
766,Jane,19,customer765@email.com,59542.63875402236,2022-02-04,inactive,6
767,Jane,72,customer766@email.com,40013.95535410178,2022-02-05,,4
768,DAVE,52,customer767@email.com,49904.50157543565,2022-02-06,,4
769,Jane,59,customer768@email.com,76812.40053009106,2022-02-07,pending,5
770,Bob,51,customer769@email.com,70934.67136402758,2022-02-08,inactive,5
772,charlie,76,customer771@email.com,52663.51176370625,2022-02-10,pending,4
773,John,72,customer772@email.com,52164.83701912356,2022-02-11,pending,7
774,DAVE,30,customer773@email.com,41551.79631002995,2022-02-12,active,5
775,John,30,customer774@email.com,92307.51378938883,2022-02-13,pending,4
776,Jane,35,customer775@email.com,53553.5906157732,2022-02-14,,3
777,John,49,customer776@email.com,84343.17041650994,2022-02-15,,9
778,Bob,49,customer777@email.com,90426.32103844902,2022-02-16,inactive,6
779,charlie,52,customer778@email.com,79966.2179629592,2022-02-17,inactive,6
780,Jane,76,customer779@email.com,51367.59374563903,2022-02-18,active,4
782,DAVE,63,customer781@email.com,59516.08787218168,2022-02-20,,6
783,Bob,69,customer782@email.com,41925.96278539744,2022-02-21,active,6
784,Bob,46,customer783@email.com,66487.18563443205,2022-02-22,active,2
785,John,79,customer784@email.com,36419.20417680395,2022-02-23,inactive,6
786,charlie,66,customer785@email.com,83753.58776923128,2022-02-24,,4
787,John,46,customer786@email.com,50707.65405403214,2022-02-25,active,7
788,Jane,79,customer787@email.com,64023.19311745679,2022-02-26,,8
789,John,70,customer788@email.com,65665.75743092284,2022-02-27,,6
790,Bob,61,customer789@email.com,54821.900525918456,2022-02-28,,3
792,charlie,33,customer791@email.com,50501.92686754951,2022-03-02,pending,5
793,DAVE,73,customer792@email.com,77425.94594914488,2022-03-03,pending,3
794,Alice,61,customer793@email.com,33080.40639506503,2022-03-04,active,5
795,John,64,customer794@email.com,62527.591590928234,2022-03-05,,8
796,charlie,74,customer795@email.com,98778.5799811657,2022-03-06,inactive,8
797,charlie,27,customer796@email.com,399933.7350788851,2022-03-07,,5
798,DAVE,47,customer797@email.com,46445.10058950297,2022-03-08,,5
799,Bob,42,customer798@email.com,70278.1569931783,2022-03-09,inactive,8
802,charlie,37,customer801@email.com,69783.74260295327,2022-03-12,,3
803,charlie,22,customer802@email.com,72694.4293712354,2022-03-13,pending,7
804,Jane,18,customer803@email.com,82193.99683912446,2022-03-14,inactive,4
805,Jane,47,customer804@email.com,68196.37313857026,2022-03-15,active,4
807,John,20,customer806@email.com,734514.7402405462,2022-03-17,active,3
808,charlie,62,customer807@email.com,97997.6386979043,2022-03-18,active,5
809,DAVE,31,customer808@email.com,57347.325072348525,2022-03-19,pending,4
810,John,73,customer809@email.com,40509.41390658717,2022-03-20,,6
812,John,67,customer811@email.com,57592.376720928034,2022-03-22,active,5
813,Bob,21,customer812@email.com,16546.609079719274,2022-03-23,inactive,2
814,charlie,35,customer813@email.com,76948.43354300843,2022-03-24,,5
815,charlie,79,customer814@email.com,49293.436280921545,2022-03-25,active,3
816,Alice,54,customer815@email.com,58189.33435391678,2022-03-26,inactive,3
818,John,65,customer817@email.com,63809.99359558133,2022-03-28,pending,4
819,John,18,customer818@email.com,74189.03634278079,2022-03-29,pending,3
820,Jane,70,customer819@email.com,51290.27258860313,2022-03-30,inactive,4
822,Jane,32,customer821@email.com,54809.06644832165,2022-04-01,active,6
823,Jane,26,customer822@email.com,74776.20961775006,2022-04-02,,7
824,Jane,32,customer823@email.com,72307.34968026108,2022-04-03,active,3
825,DAVE,66,customer824@email.com,41291.225959108095,2022-04-04,active,5
826,DAVE,200.0,customer825@email.com,81719.64232350065,2022-04-05,pending,4
827,Bob,41,customer826@email.com,49280.731097719035,2022-04-06,active,6
828,Bob,21,customer827@email.com,76161.15596562291,2022-04-07,pending,6
829,Jane,200.0,customer828@email.com,67345.7462680268,2022-04-08,,2
830,Alice,76,customer829@email.com,96763.67353590246,2022-04-09,,2
832,DAVE,54,customer831@email.com,53013.66407763605,2022-04-11,inactive,2
833,Alice,78,customer832@email.com,59611.60788224535,2022-04-12,pending,7
834,charlie,54,customer833@email.com,53936.40434331449,2022-04-13,pending,4
835,DAVE,60,customer834@email.com,75998.838038841,2022-04-14,active,5
836,DAVE,77,customer835@email.com,27673.78783126824,2022-04-15,pending,7
837,Bob,23,customer836@email.com,38926.35161707292,2022-04-16,pending,5
838,John,56,customer837@email.com,38643.941568416136,2022-04-17,inactive,7
839,John,73,customer838@email.com,79006.15183947151,2022-04-18,inactive,1
842,DAVE,41,customer841@email.com,56623.565536199785,2022-04-21,active,9
843,Jane,28,customer842@email.com,61401.04326226363,2022-04-22,,4
844,Bob,79,customer843@email.com,83237.5660521638,2022-04-23,active,5
846,DAVE,51,customer845@email.com,64767.3796546957,2022-04-25,active,6
847,Alice,42,customer846@email.com,79503.95259564859,2022-04-26,pending,3
848,Jane,24,customer847@email.com,70021.8833987969,2022-04-27,inactive,3
849,DAVE,69,customer848@email.com,63791.63233197487,2022-04-28,,5
850,Jane,21,customer849@email.com,80020.92185134282,2022-04-29,active,7
852,Jane,25,customer851@email.com,73557.50639061816,2022-05-01,active,6
853,DAVE,37,customer852@email.com,46918.486337451526,2022-05-02,inactive,4
854,Bob,46,customer853@email.com,23387.342062870863,2022-05-03,inactive,7
856,Jane,71,customer855@email.com,87473.17090325916,2022-05-05,,8
857,Alice,70,customer856@email.com,57251.02970744616,2022-05-06,,5
858,John,68,customer857@email.com,79057.49094405878,2022-05-07,pending,5
859,DAVE,62,customer858@email.com,92245.5651597729,2022-05-08,inactive,4
860,John,63,customer859@email.com,86298.28907168095,2022-05-09,pending,5
862,DAVE,60,customer861@email.com,74842.54982143785,2022-05-11,active,3
863,Jane,51,customer862@email.com,61508.672778031854,2022-05-12,active,7
864,Bob,74,customer863@email.com,27960.68376205663,2022-05-13,active,5
865,John,43,customer864@email.com,55078.75023740103,2022-05-14,inactive,6
866,charlie,58,customer865@email.com,43135.068093676164,2022-05-15,active,7
867,charlie,66,customer866@email.com,103418.85434995627,2022-05-16,active,2
868,Alice,75,customer867@email.com,56482.283751353265,2022-05-17,inactive,7
869,Jane,20,customer868@email.com,62464.09613568972,2022-05-18,inactive,5
872,John,22,customer871@email.com,93901.02080861505,2022-05-21,active,6
873,Alice,22,customer872@email.com,47547.01276531096,2022-05-22,active,5
874,Alice,71,customer873@email.com,63892.14910474485,2022-05-23,,0
875,charlie,64,customer874@email.com,45150.588286039034,2022-05-24,active,7
876,Jane,40,customer875@email.com,33599.54977558588,2022-05-25,,5
877,DAVE,66,customer876@email.com,47764.61818189429,2022-05-26,pending,5
878,charlie,26,customer877@email.com,59259.26405903176,2022-05-27,,6
879,Jane,52,customer878@email.com,51413.9555096548,2022-05-28,pending,8
880,charlie,37,customer879@email.com,46151.58040252288,2022-05-29,active,4
882,Bob,66,customer881@email.com,58337.888547426104,2022-05-31,,4
883,Bob,78,customer882@email.com,29905.592519379956,2022-06-01,inactive,1
884,Bob,76,customer883@email.com,75201.11927379205,2022-06-02,pending,3
886,John,52,customer885@email.com,30848.97001070139,2022-06-04,active,5
887,Bob,67,customer886@email.com,53815.81845900273,2022-06-05,,4
888,DAVE,35,customer887@email.com,44956.87188818834,2022-06-06,pending,5
889,Alice,79,customer888@email.com,66383.4902083836,2022-06-07,pending,2
890,Alice,34,customer889@email.com,86809.00892046289,2022-06-08,pending,2
892,Bob,20,customer891@email.com,62300.52158294834,2022-06-10,inactive,5
894,Bob,52,customer893@email.com,73426.80152900932,2022-06-12,active,6
895,charlie,55,customer894@email.com,64263.932564753784,2022-06-13,active,4
896,Jane,30,customer895@email.com,44960.61336522362,2022-06-14,inactive,9
897,charlie,73,customer896@email.com,53618.92128666764,2022-06-15,,7
898,Jane,78,customer897@email.com,44079.48286393022,2022-06-16,pending,2
899,Bob,64,customer898@email.com,81520.14277197196,2022-06-17,inactive,3
902,charlie,21,customer901@email.com,58786.78372370759,2022-06-20,inactive,7
903,Jane,31,customer902@email.com,45831.86466179074,2022-06-21,,4
904,Alice,54,customer903@email.com,29725.712147743456,2022-06-22,active,5
905,Jane,51,customer904@email.com,23937.206474881095,2022-06-23,active,5
906,charlie,28,customer905@email.com,28317.281139890205,2022-06-24,,3
908,charlie,73,customer907@email.com,70174.50046459868,2022-06-26,,7
909,DAVE,20,customer908@email.com,28376.18595935733,2022-06-27,pending,3
910,John,76,customer909@email.com,77900.76628152232,2022-06-28,,8
912,John,46,customer911@email.com,62935.860239710986,2022-06-30,inactive,5
913,Alice,26,customer912@email.com,92244.41256510849,2022-07-01,,5
914,Jane,20,customer913@email.com,77936.78631731065,2022-07-02,inactive,3
915,DAVE,42,customer914@email.com,54629.387041883354,2022-07-03,active,3
916,Jane,51,customer915@email.com,42176.155491694255,2022-07-04,pending,6
918,DAVE,59,customer917@email.com,45616.933615151596,2022-07-06,inactive,4
919,Jane,26,customer918@email.com,55777.39522344611,2022-07-07,pending,6
920,charlie,32,customer919@email.com,40256.409456976326,2022-07-08,pending,3
922,John,42,customer921@email.com,61537.03765917537,2022-07-10,active,1
923,Jane,22,customer922@email.com,55502.88036383843,2022-07-11,pending,6
924,John,28,customer923@email.com,46999.948383530806,2022-07-12,pending,1
925,John,76,customer924@email.com,63373.09343933455,2022-07-13,,6
928,Bob,77,customer927@email.com,88218.6475949254,2022-07-16,pending,3
929,charlie,32,customer928@email.com,58028.23735431476,2022-07-17,active,3
930,John,55,customer929@email.com,60376.99245889695,2022-07-18,,5
932,Alice,76,customer931@email.com,64664.32262527003,2022-07-20,active,5
933,John,22,customer932@email.com,79062.7326782649,2022-07-21,,9
935,Bob,43,customer934@email.com,47751.25250719124,2022-07-23,inactive,3
936,charlie,35,customer935@email.com,67230.07050412204,2022-07-24,,6
937,Alice,23,customer936@email.com,37125.475853586766,2022-07-25,pending,6
938,DAVE,54,customer937@email.com,62171.19411553047,2022-07-26,inactive,3
939,DAVE,77,customer938@email.com,59335.40018711078,2022-07-27,active,7
940,Jane,65,customer939@email.com,55837.662854549206,2022-07-28,active,4
942,DAVE,45,customer941@email.com,22363.019090047215,2022-07-30,active,7
943,Jane,22,customer942@email.com,49025.50184518077,2022-07-31,,7
944,charlie,30,customer943@email.com,61856.89802282229,2022-08-01,,2
945,Jane,34,customer944@email.com,63197.12783994801,2022-08-02,pending,5
946,DAVE,67,customer945@email.com,39446.49718148084,2022-08-03,active,6
947,Bob,57,customer946@email.com,85314.15681729402,2022-08-04,active,9
949,Bob,49,customer948@email.com,79389.14401053474,2022-08-06,inactive,4
950,DAVE,79,customer949@email.com,68543.8872374337,2022-08-07,active,10
952,Alice,68,customer951@email.com,95506.21785219024,2022-08-09,active,4
953,charlie,75,customer952@email.com,36127.2633648704,2022-08-10,active,4
954,Jane,20,customer953@email.com,78383.08347220003,2022-08-11,active,7
955,Jane,73,customer954@email.com,80011.64636085957,2022-08-12,active,8
956,DAVE,57,customer955@email.com,46587.5958184671,2022-08-13,,6
957,Bob,51,customer956@email.com,87849.30600128658,2022-08-14,inactive,6
958,Bob,57,customer957@email.com,549990.6970802094,2022-08-15,inactive,3
959,John,44,customer958@email.com,65773.87258559714,2022-08-16,active,5
960,charlie,30,customer959@email.com,65206.436775424416,2022-08-17,active,6
962,Jane,50,customer961@email.com,76216.16546319565,2022-08-19,,8
963,John,23,customer962@email.com,75869.77441104426,2022-08-20,pending,5
964,John,41,customer963@email.com,25029.36053523638,2022-08-21,pending,4
965,DAVE,36,customer964@email.com,86086.80485756305,2022-08-22,inactive,4
966,Jane,33,customer965@email.com,26750.160239286517,2022-08-23,active,2
967,DAVE,57,customer966@email.com,80650.92408683314,2022-08-24,active,5
968,Alice,45,customer967@email.com,82534.10273655166,2022-08-25,,5
969,John,50,customer968@email.com,38180.67139569603,2022-08-26,pending,4
970,John,76,customer969@email.com,51783.7142409083,2022-08-27,,2
972,Alice,65,customer971@email.com,55701.57939422529,2022-08-29,inactive,4
973,John,58,customer972@email.com,53839.31431628518,2022-08-30,pending,1
974,Alice,30,customer973@email.com,75593.2106453868,2022-08-31,,8
975,Jane,60,customer974@email.com,86206.17492239217,2022-09-01,,4
976,Bob,62,customer975@email.com,87913.67621579912,2022-09-02,,10
977,John,42,customer976@email.com,48756.63946843396,2022-09-03,inactive,6
978,charlie,70,customer977@email.com,55815.562525109446,2022-09-04,pending,3
979,Jane,59,customer978@email.com,26331.236155581,2022-09-05,pending,6
982,Jane,44,customer981@email.com,923116.5647096464,2022-09-08,active,2
983,John,55,customer982@email.com,35313.02256240156,2022-09-09,active,3
984,Alice,77,customer983@email.com,48150.71481694211,2022-09-10,active,5
986,Jane,200.0,customer985@email.com,65603.22317639213,2022-09-12,inactive,4
987,John,60,customer986@email.com,43807.92960156708,2022-09-13,inactive,3
988,charlie,62,customer987@email.com,68481.2208892818,2022-09-14,inactive,6
989,DAVE,75,customer988@email.com,50523.21305858168,2022-09-15,inactive,5
990,Alice,74,customer989@email.com,59710.95458243442,2022-09-16,active,5
992,Jane,48,customer991@email.com,60128.445396218754,2022-09-18,,4
993,Bob,40,customer992@email.com,512722.82189468626,2022-09-19,pending,6
994,Bob,59,customer993@email.com,57807.803921483384,2022-09-20,pending,4
995,charlie,27,customer994@email.com,58232.740815893296,2022-09-21,inactive,6
997,charlie,60,customer996@email.com,54824.07874665795,2022-09-23,inactive,5
998,John,70,customer997@email.com,91972.94341009433,2022-09-24,,5
999,John,47,customer998@email.com,71218.38895882477,2022-09-25,pending,4
1000,charlie,56,customer999@email.com,54090.39363941679,2022-09-26,pending,5
